{
  "train_loss": [
    0.9317453433485592,
    0.6172054182080662,
    0.46202850341796875,
    0.3312731192392461,
    0.275510451372932,
    0.2125712974983103,
    0.1983227212639416,
    0.1768514014342252,
    0.14480623427559347,
    0.11503004238885992,
    0.09342208154061261,
    0.07289997049990822,
    0.05993839835419374,
    0.05783074305338018,
    0.06794610729112345,
    0.04568327853784842,
    0.04845627934178885,
    0.051911890506744385,
    0.04319814778864384,
    0.04410772135152536,
    0.025887837195221114,
    0.021292935728150254,
    0.02785871780532248,
    0.023199203478939393,
    0.023382520631832236,
    0.017588690854609013,
    0.01598668164190124,
    0.01816063026404556,
    0.018954833805122796
  ],
  "val_loss": [
    1.0947319058810963,
    1.0590244601754581,
    0.9866351345006157,
    0.8627282100565293,
    0.6743567445698906,
    0.44522252152947817,
    0.25457801450701323,
    0.1832070718793308,
    0.06997988394954625,
    0.08984820851508309,
    0.05030514760052457,
    0.057307974818874806,
    0.029036554562694886,
    0.14524344836964326,
    0.04660168202484355,
    0.15000070500023224,
    0.29938965685227337,
    0.03204584428492714,
    0.02984783162965494,
    0.026146653382217184,
    0.022714704822968033,
    0.013923326561994413,
    0.015647705452626243,
    0.04096933240618776,
    0.012466558803092031,
    0.01311807065983029,
    0.03699642638949787,
    0.01665495883892564,
    0.11306383712765049
  ],
  "train_acc": [
    0.5919117647058824,
    0.8639705882352942,
    0.9227941176470589,
    0.9595588235294118,
    0.9705882352941176,
    0.9742647058823529,
    0.9742647058823529,
    0.9816176470588235,
    0.9816176470588235,
    0.9816176470588235,
    0.9926470588235294,
    0.9926470588235294,
    0.9963235294117647,
    0.9926470588235294,
    0.9816176470588235,
    0.9926470588235294,
    0.9889705882352942,
    0.9963235294117647,
    0.9926470588235294,
    0.9926470588235294,
    0.9963235294117647,
    1.0,
    1.0,
    0.9963235294117647,
    1.0,
    1.0,
    1.0,
    1.0,
    0.9963235294117647
  ],
  "val_acc": [
    0.29411764705882354,
    0.45588235294117646,
    0.9705882352941176,
    1.0,
    1.0,
    0.9558823529411765,
    0.9705882352941176,
    0.9411764705882353,
    1.0,
    0.9705882352941176,
    1.0,
    0.9852941176470589,
    1.0,
    0.9264705882352942,
    1.0,
    0.9117647058823529,
    0.8970588235294118,
    1.0,
    1.0,
    1.0,
    1.0,
    1.0,
    1.0,
    0.9852941176470589,
    1.0,
    1.0,
    0.9852941176470589,
    1.0,
    0.9852941176470589
  ],
  "epochs": 29
}